{"stats":{"minecraft:dropped":{"minecraft:oak_fence":1,"minecraft:stone_bricks":1},"minecraft:used":{"irons_spellbooks:inscription_table":4,"minecraft:oak_trapdoor":42,"minecraft:oak_fence":297,"minecraft:petrified_oak_slab":5,"minecraft:netherite_sword":2,"lightmanscurrency:shelf_oak":9,"minecraft:iron_bars":29,"minecraft:iron_shovel":392,"minecraft:stone_shovel":565,"minecraft:spruce_slab":28,"days_in_the_middle_ages:sword_pile":5,"minecraft:diamond_hoe":9,"minecraft:ladder":72,"minecraft:spruce_planks":3470,"days_in_the_middle_ages:gallow_bottom":14,"minecraft:stone":39,"minecraft:zombie_spawn_egg":1,"days_in_the_middle_ages:roof_corner":110,"minecraft:wooden_shovel":108,"weaponmaster:workstation":7,"minecraft:torch":78,"days_in_the_middle_ages:barrel_beer":23,"minecraft:dirt":56,"minecraft:skeleton_spawn_egg":1,"minecraft:white_carpet":26,"days_in_the_middle_ages:animal_trough_oak":1,"minecraft:spruce_stairs":137,"minecraft:cobblestone_wall":77,"naturalist:bear_spawn_egg":2,"minecraft:spruce_fence":11,"days_in_the_middle_ages:sword_in_wall":3,"eeeabsmobs:guardian_axe":1,"minecraft:nether_brick_stairs":77,"minecraft:oak_fence_gate":17,"minecraft:stripped_spruce_log":155,"minecraft:milk_bucket":2,"minecraft:polished_diorite":6,"days_in_the_middle_ages:well":7,"days_in_the_middle_ages:roof":776,"minecraft:iron_hoe":27,"minecraft:stone_brick_slab":504,"minecraft:dark_oak_planks":86,"days_in_the_middle_ages:hanging_sign":18,"minecraft:chipped_anvil":12,"minecraft:villager_spawn_egg":10,"minecraft:lantern":185,"minecraft:grass_block":845,"minecraft:oak_stairs":10,"days_in_the_middle_ages:barrel":26,"lightmanscurrency:armor_display":13,"minecraft:netherite_hoe":17,"minecraft:light_blue_bed":1,"minecraft:dark_oak_slab":57,"minecraft:melon_seeds":38,"minecraft:stone_brick_stairs":127,"minecraft:stone_bricks":5419,"minecraft:item_frame":1,"days_in_the_middle_ages:fishhooksalmon":8,"minecraft:purple_concrete":2,"minecraft:glowstone":289,"minecraft:furnace":3,"lightmanscurrency:vending_machine_red":2,"tombstone:gift":10,"lightmanscurrency:display_case":17,"knight_quest:kq_sword_paladin":40,"days_in_the_middle_ages:roof_top":13,"minecraft:calcite":10,"minecraft:dark_oak_stairs":150,"minecraft:water_bucket":204,"minecraft:diorite":2,"minecraft:dirt_path":103,"minecraft:spruce_door":20,"days_in_the_middle_ages:cart":6,"lightmanscurrency:card_display_oak":4,"minecraft:oak_planks":182,"minecraft:cartography_table":2,"minecraft:blue_wool":88,"minecraft:composter":4,"graveyard:dark_iron_bars":12,"minecraft:blue_bed":22,"minecraft:cobblestone_slab":90,"days_in_the_middle_ages:welltaking":4,"days_in_the_middle_ages:windowtop":34,"iter_rpg:humie_butcher":27,"minecraft:cracked_stone_bricks":7,"minecraft:oak_leaves":177,"minecraft:white_wool":1443,"minecraft:oak_slab":595,"days_in_the_middle_ages:cell_door":10,"minecraft:red_bed":16,"days_in_the_middle_ages:roof_top_corner":2,"minecraft:stone_brick_wall":269,"minecraft:infested_stone_bricks":43,"minecraft:spruce_log":339,"minecraft:dark_oak_door":1,"minecraft:oak_log":359,"minecraft:creeper_spawn_egg":1,"days_in_the_middle_ages:fire_pit":12,"days_in_the_middle_ages:skeleton_1":5,"days_in_the_middle_ages:arrow_slit":2,"lightmanscurrency:atm":2,"minecraft:black_wool":1463,"days_in_the_middle_ages:campfire":1,"minecraft:birch_slab":12,"days_in_the_middle_ages:well_roof_spruce":10,"days_in_the_middle_ages:boat":12,"days_in_the_middle_ages:firepit_off":1,"born_in_chaos_v1:staffofthe_summoner":23,"days_in_the_middle_ages:fishhook":4,"minecraft:spruce_trapdoor":136,"minecraft:oak_pressure_plate":3,"experienceobelisk:experience_obelisk":3,"lightmanscurrency:vending_machine_large_red":1,"days_in_the_middle_ages:windowbottom":48,"irons_spellbooks:scroll_forge":2,"minecraft:blue_carpet":42,"lightmanscurrency:gem_terminal":5,"minecraft:cobblestone":399,"minecraft:white_banner":6,"minecraft:smithing_table":4,"days_in_the_middle_ages:gallow_middle":20,"minecraft:glass_pane":28,"minecraft:purple_wool":20,"minecraft:birch_stairs":10,"minecraft:cobweb":50},"minecraft:killed_by":{"born_in_chaos_v1:glutton_fish":1},"minecraft:killed":{"born_in_chaos_v1:restless_spirit":1,"graveyard:corrupted_vindicator":3,"graveyard:revenant":3,"minecraft:phantom":2,"graveyard:acolyte":2,"minecraft:chicken":1,"minecraft:pig":1,"iter_rpg:spiderling":3,"minecraft:sheep":1,"minecraft:trader_llama":3,"iter_rpg:giant_spider":1,"graveyard:corrupted_pillager":5,"minecraft:villager":2},"minecraft:custom":{"minecraft:mob_kills":28,"minecraft:open_barrel":3,"minecraft:leave_game":24,"minecraft:time_since_death":155218,"minecraft:climb_one_cm":13750,"minecraft:sprint_one_cm":1014525,"minecraft:walk_one_cm":1236186,"minecraft:drop":2,"minecraft:talked_to_villager":5,"minecraft:play_time":1077287,"minecraft:deaths":3,"minecraft:sneak_time":54400,"minecraft:walk_under_water_one_cm":149420,"minecraft:jump":1954,"minecraft:walk_on_water_one_cm":118148,"minecraft:total_world_time":1078278,"tombstone:raider_killed":2,"minecraft:sleep_in_bed":5,"minecraft:time_since_rest":154487,"minecraft:damage_taken":600,"minecraft:damage_dealt":5373,"minecraft:swim_one_cm":45739,"minecraft:fly_one_cm":6587264,"minecraft:open_chest":5,"minecraft:crouch_one_cm":78557,"tombstone:undead_killed":5,"tombstone:villager_killed":2,"minecraft:inspect_dispenser":11},"minecraft:picked_up":{"minecraft:azure_bluet":1,"minecraft:chicken":2,"born_in_chaos_v1:river_mint":2,"minecraft:lead":5,"minecraft:string":4,"minecraft:white_carpet":1,"minecraft:item_frame":1,"graveyard:corruption":10,"minecraft:poppy":2,"minecraft:phantom_membrane":2,"minecraft:porkchop":10,"minecraft:blue_carpet":1,"minecraft:stone_sword":1,"minecraft:mutton":5,"minecraft:cod":4,"minecraft:white_wool":2,"minecraft:oxeye_daisy":2,"minecraft:salmon":8,"minecraft:brown_wool":1,"minecraft:leather":3,"tombstone:gift":4,"born_in_chaos_v1:marigolds":1,"minecraft:bone":2,"minecraft:stone_bricks":1,"minecraft:kelp":2,"minecraft:wheat_seeds":8,"lightmanscurrency:coin_iron":2,"iter_rpg:spider_silk":1,"graveyard:bone_dagger":1,"born_in_chaos_v1:ethereal_spirit":1,"minecraft:dandelion":7,"lightmanscurrency:coin_copper":12,"lightmanscurrency:coin_gold":2},"minecraft:mined":{"minecraft:kelp":2}},"DataVersion":3120}