{"stats":{"minecraft:used":{"minecraft:torch":3,"minecraft:dirt":2},"minecraft:custom":{"minecraft:jump":22,"minecraft:time_since_rest":12054,"minecraft:crouch_one_cm":263,"minecraft:leave_game":2,"minecraft:play_time":12054,"minecraft:time_since_death":12054,"minecraft:walk_one_cm":55248,"minecraft:sneak_time":83,"minecraft:total_world_time":12054,"minecraft:climb_one_cm":1438,"minecraft:fall_one_cm":409,"minecraft:fly_one_cm":55},"minecraft:picked_up":{"minecraft:torch":3,"minecraft:dirt":3},"minecraft:mined":{"minecraft:grass_block":1,"minecraft:wall_torch":3,"minecraft:dirt":1}},"DataVersion":3120}