{"stats":{"minecraft:used":{"minecraft:torch":4,"minecraft:dirt":3},"minecraft:custom":{"minecraft:jump":36,"minecraft:time_since_rest":13741,"minecraft:crouch_one_cm":391,"minecraft:leave_game":3,"minecraft:play_time":13741,"minecraft:time_since_death":13741,"minecraft:walk_one_cm":74878,"minecraft:sneak_time":93,"minecraft:climb_one_cm":1590,"minecraft:total_world_time":13741,"minecraft:fall_one_cm":876,"minecraft:fly_one_cm":55},"minecraft:picked_up":{"minecraft:torch":4,"minecraft:dirt":4},"minecraft:mined":{"minecraft:grass_block":1,"minecraft:wall_torch":4,"minecraft:dirt":2}},"DataVersion":3120}