{"stats":{"minecraft:picked_up":{"minecraft:torch":2,"minecraft:dirt":2},"minecraft:custom":{"minecraft:jump":14,"minecraft:time_since_rest":10885,"minecraft:crouch_one_cm":186,"minecraft:leave_game":1,"minecraft:play_time":10885,"minecraft:time_since_death":10885,"minecraft:walk_one_cm":43087,"minecraft:sneak_time":33,"minecraft:climb_one_cm":608,"minecraft:total_world_time":10885,"minecraft:fall_one_cm":409,"minecraft:fly_one_cm":27},"minecraft:used":{"minecraft:torch":2,"minecraft:dirt":1},"minecraft:mined":{"minecraft:dirt":1,"minecraft:wall_torch":2}},"DataVersion":3120}