{"stats":{"minecraft:used":{"minecraft:torch":2,"minecraft:dirt":1},"minecraft:custom":{"minecraft:jump":13,"minecraft:time_since_rest":2150,"minecraft:crouch_one_cm":32,"minecraft:leave_game":2,"minecraft:play_time":2150,"minecraft:sprint_one_cm":14533,"minecraft:time_since_death":2150,"minecraft:walk_one_cm":5322,"minecraft:sneak_time":25,"minecraft:total_world_time":2150,"minecraft:fly_one_cm":5018},"minecraft:picked_up":{"minecraft:torch":2,"minecraft:dirt":1},"minecraft:mined":{"minecraft:grass_block":1,"minecraft:wall_torch":2}},"DataVersion":3120}