{"stats":{"minecraft:used":{"minecraft:torch":5,"minecraft:dirt":2},"minecraft:picked_up":{"minecraft:torch":5,"minecraft:wheat_seeds":1,"minecraft:dirt":2},"minecraft:mined":{"minecraft:grass":1,"minecraft:grass_block":2,"minecraft:wall_torch":5},"minecraft:custom":{"minecraft:jump":27,"minecraft:time_since_rest":6997,"minecraft:crouch_one_cm":32,"minecraft:leave_game":4,"minecraft:play_time":6997,"minecraft:sprint_one_cm":24895,"minecraft:time_since_death":6997,"minecraft:walk_one_cm":13144,"minecraft:sneak_time":25,"minecraft:total_world_time":6997,"minecraft:fall_one_cm":269,"minecraft:fly_one_cm":8985}},"DataVersion":3120}